{"mean": [[[32.89841436324405, 34.1937185216951, 14324.565893447738, 145.81435802685556]]], "std": [[[0.8721005848741844, 0.9181592159727833, 11738.68977888178, 60.279315985344574]]]}