{"mean": [[[29.761833572361546, 34.5447642738105, 31799.851743949792, 261.8251606816394]]], "std": [[[1.8407629250116235, 3.247224855007231, 6638.673629216129, 88.89585766066538]]]}