{"mean": [[[30.096018455729137, 34.585607004822506, 30641.385653298537, 156.2672142310958]]], "std": [[[1.2357527137092106, 1.4001943491308693, 8609.785442347507, 97.01701066325093]]]}