{"mean": [[[32.6565518808455, 35.77189071390123, 12175.77318198992, 146.21948891617635]]], "std": [[[1.2593244480904595, 0.788803034285121, 12012.814020592921, 91.43289362786085]]]}