{"mean": [[[33.37384789506788, 35.0028830613296, 6253.484925117244, 212.49133188149438]]], "std": [[[1.10817936656956, 0.7125762748381801, 8576.560919056796, 109.69652732811655]]]}