{"mean": [[[32.38524241632119, 35.7834390764723, 11372.363235334016, 142.8418435823756]]], "std": [[[1.4142086813838242, 0.6673652483401679, 11720.138161944335, 88.67888266004074]]]}