{"mean": [[[32.35882524998374, 34.48748563569624, 12703.24248290606, 243.85033275771397]]], "std": [[[1.1120910626738796, 0.8678352064200904, 12465.875925104576, 101.16394449431998]]]}