{"0": 0.07310072030872075, "1": 0.40619961768388807, "2": 0.1484877675771706, "3": 14.165169756412208, "4": 12.256621972918365}