{"0": 0.1493580937385559, "1": 0.05478791892528534, "2": 0.1145082637667656, "3": 0.13866159319877625, "4": 0.23565196990966797}