{"mean": [[[32.29607116468648, 36.11062618032687, 13039.21013783992, 220.11883057728318]]], "std": [[[1.3985217045428269, 0.6905899287449381, 11486.767545887384, 104.42985283414954]]]}