{"mean": [[[32.10135477941718, 34.49964517566922, 14770.203127287248, 248.00375722873994]]], "std": [[[1.0705610393393266, 0.9378672803472929, 13274.066799613718, 98.21370082258898]]]}