{"mean": [[[29.927409148728685, 34.723921670032404, 32070.390014747252, 103.8375748828677]]], "std": [[[0.9391523447993055, 1.4819528807054227, 6863.721520506537, 34.12496693280939]]]}