{
  "0": 0.05949017241597175,
  "1": 0.23065680041909276,
  "2": 0.09113747775554654,
  "3": 5.089743682145969,
  "4": 4.324410834312394
}