{
  "0": 0.08146301656961441,
  "1": 0.016739973798394203,
  "2": 0.038596924394369125,
  "3": 0.04551941528916359,
  "4": 0.1255483627319336
}