{
  "0": 0.26825833320617676,
  "1": 0.14571523666381836,
  "2": 0.18234729766845703,
  "3": 0.20898862183094025,
  "4": 0.1658790111541748
}