{
  "0": 0.1891417722404,
  "1": 0.08800953924655922,
  "2": 0.22878668308258007,
  "3": 0.3952030253410328,
  "4": 0.2288779357075691
}